{
  "root_dir": "./test",
  "chunk_seconds": 5.0,
  "output_dir": "./test_chunks",
  "center": {
    "x": 0.20068666338920593,
    "y": 1.1610852479934692
  },
  "radius": 51.52806091308594,
  "center_pca": {
    "x": -2.3794894943307554e-08,
    "y": -8.453449140688463e-08
  },
  "radius_pca": 30.379060745239258,
  "center_tsne": {
    "x": 0.20068666338920593,
    "y": 1.1610852479934692
  },
  "radius_tsne": 51.52806091308594
}